geo_id,median_house_value,gross_rent_median,pct_renter_occupied,pct_houseValue300k,pct_houseValue500k,pct_houseValue1M
1400000US16055000101,294500.0,,6.1,24.6,23.7,0.0
1400000US16055000102,335700.0,971.0,12.3,43.5,12.7,2.1
1400000US16055000201,387800.0,1607.0,5.2,42.3,25.4,0.0
1400000US16055000202,414700.0,,7.0,52.0,27.5,2.2
1400000US16055000203,320400.0,984.0,21.4,30.0,22.9,0.0
1400000US16055000301,327900.0,907.0,11.9,32.0,21.6,1.6
1400000US16055000303,296100.0,1222.0,16.9,35.4,10.7,2.5
1400000US16055000304,311100.0,1127.0,20.6,33.7,15.4,4.0
1400000US16055000401,272700.0,951.0,24.3,22.6,13.3,6.4
1400000US16055000402,287900.0,824.0,22.5,32.5,11.1,2.0
1400000US16055000501,244900.0,1097.0,20.8,40.3,1.7,0.0
1400000US16055000502,335000.0,1302.0,37.5,39.4,16.0,0.0
1400000US16055000503,272200.0,1568.0,39.0,41.2,0.0,0.0
1400000US16055000601,347600.0,1128.0,15.4,33.3,20.8,3.8
1400000US16055000602,270200.0,1022.0,40.4,32.9,3.4,3.4
1400000US16055000701,295900.0,1380.0,48.4,40.2,5.7,1.9
1400000US16055000702,269100.0,,3.9,27.0,6.8,5.5
1400000US16055000703,341200.0,1459.0,28.7,44.2,17.5,0.0
1400000US16055000704,362800.0,1722.0,22.6,37.7,24.4,0.0
1400000US16055000800,365900.0,1100.0,40.0,46.0,17.0,4.6
1400000US16055000901,135500.0,932.0,77.7,8.8,0.0,0.0
1400000US16055000902,242900.0,885.0,75.6,37.5,9.1,0.0
1400000US16055001002,372800.0,1066.0,10.8,38.5,27.9,0.6
1400000US16055001003,307000.0,413.0,18.8,31.2,20.7,0.0
1400000US16055001004,262100.0,1360.0,24.5,24.6,5.3,0.0
1400000US16055001100,441400.0,712.0,24.1,52.2,28.0,5.9
1400000US16055001201,278400.0,1188.0,27.6,28.5,3.2,0.0
1400000US16055001202,207900.0,842.0,42.2,9.5,0.0,0.0
1400000US16055001300,239000.0,1095.0,44.3,26.1,2.7,0.0
1400000US16055001400,341900.0,1160.0,53.3,22.5,29.6,5.0
1400000US16055001500,299000.0,1027.0,48.1,41.4,7.0,1.2
1400000US16055001600,404700.0,991.0,40.2,24.6,20.7,14.9
1400000US16055001700,486400.0,831.0,26.6,34.9,36.1,10.9
1400000US16055001801,556200.0,1745.0,5.9,33.9,45.0,11.8
1400000US16055001802,414000.0,1109.0,16.8,47.3,30.2,6.0
1400000US16055001901,404400.0,905.0,6.6,52.4,9.2,2.9
1400000US16055001902,470000.0,744.0,6.6,42.7,36.6,3.1
1400000US16055002000,594500.0,1226.0,9.1,13.3,45.5,13.6
1400000US16055940000,351800.0,695.0,14.7,34.6,17.5,8.3
1400000US53063000201,160500.0,922.0,48.5,4.3,2.1,0.4
1400000US53063000202,173100.0,814.0,49.2,0.0,3.3,3.6
1400000US53063000301,155300.0,1135.0,34.7,0.0,0.0,0.0
1400000US53063000302,156600.0,1273.0,26.7,4.6,0.0,5.7
1400000US53063000400,165900.0,908.0,60.1,2.4,1.1,0.0
1400000US53063000500,179800.0,1076.0,33.7,9.2,2.4,1.2
1400000US53063000600,179400.0,1102.0,30.6,4.5,2.3,0.7
1400000US53063000700,182700.0,1168.0,26.2,6.2,1.8,1.2
1400000US53063000800,272200.0,1228.0,10.5,34.2,6.0,0.0
1400000US53063000900,232500.0,1159.0,27.5,10.6,0.0,0.0
1400000US53063001000,221900.0,1379.0,16.3,10.0,1.6,0.0
1400000US53063001100,240300.0,1205.0,12.5,26.0,2.1,2.1
1400000US53063001200,197400.0,1225.0,44.7,16.1,0.9,0.0
1400000US53063001300,189500.0,946.0,43.4,11.3,0.0,0.0
1400000US53063001400,158000.0,1033.0,42.7,0.9,1.0,0.0
1400000US53063001500,162600.0,1246.0,30.3,5.9,2.3,0.0
1400000US53063001600,136200.0,816.0,53.8,2.8,0.0,0.0
1400000US53063001800,205800.0,765.0,58.2,8.1,0.0,1.1
1400000US53063001900,204700.0,1065.0,42.5,20.1,1.5,1.2
1400000US53063002000,160800.0,917.0,59.7,9.6,0.0,0.7
1400000US53063002100,180300.0,906.0,35.8,6.9,2.1,0.0
1400000US53063002300,161400.0,1015.0,34.8,13.6,7.6,0.0
1400000US53063002400,225600.0,833.0,88.0,0.0,6.1,6.1
1400000US53063002501,275000.0,750.0,76.9,1.8,39.7,0.0
1400000US53063002502,200600.0,965.0,71.2,17.5,0.0,0.0
1400000US53063002503,,2551.0,100.0,,,
1400000US53063002600,148700.0,884.0,54.0,5.6,1.0,0.0
1400000US53063002900,214600.0,1402.0,17.8,13.7,4.6,0.0
1400000US53063003000,164700.0,1065.0,37.0,3.2,0.5,1.9
1400000US53063003100,233100.0,1076.0,44.7,25.9,5.5,0.0
1400000US53063003200,176000.0,946.0,71.1,26.2,0.0,0.0
1400000US53063003500,382100.0,504.0,95.4,16.5,47.1,0.0
1400000US53063003601,355400.0,933.0,78.7,20.9,36.9,0.0
1400000US53063003602,202100.0,743.0,88.8,0.0,0.0,0.0
1400000US53063003800,218900.0,1031.0,53.8,17.2,3.6,0.0
1400000US53063003900,123700.0,1492.0,19.8,7.3,23.5,1.2
1400000US53063004001,274900.0,895.0,62.5,20.9,5.1,4.5
1400000US53063004002,307900.0,841.0,66.8,52.8,0.0,0.0
1400000US53063004100,370200.0,860.0,46.0,58.0,15.6,1.4
1400000US53063004200,387600.0,1229.0,13.6,44.1,24.5,0.9
1400000US53063004300,360000.0,1250.0,15.2,52.6,18.9,0.0
1400000US53063004400,275000.0,1274.0,32.1,21.3,7.3,6.0
1400000US53063004500,434400.0,1105.0,12.7,32.6,37.1,2.4
1400000US53063004601,272500.0,803.0,62.2,38.2,4.5,0.0
1400000US53063004602,257500.0,1234.0,11.3,20.9,0.9,1.5
1400000US53063004701,242500.0,954.0,22.5,22.7,0.0,2.5
1400000US53063004702,291400.0,1252.0,48.4,43.3,4.4,1.1
1400000US53063004800,315300.0,1138.0,47.6,50.0,6.1,0.0
1400000US53063004900,365400.0,1035.0,24.1,52.4,18.8,1.0
1400000US53063005000,381900.0,977.0,55.6,35.8,29.1,6.1
1400000US53063010101,402500.0,962.0,6.4,34.7,31.0,0.0
1400000US53063010102,353500.0,,5.5,33.2,24.9,4.0
1400000US53063010201,317000.0,,8.4,48.0,7.5,0.0
1400000US53063010203,368600.0,1037.0,4.4,62.5,13.9,0.0
1400000US53063010204,435000.0,,5.4,27.9,36.3,3.9
1400000US53063010301,241400.0,798.0,28.5,29.0,1.8,1.3
1400000US53063010303,361900.0,859.0,9.9,46.8,17.4,0.0
1400000US53063010304,251900.0,675.0,13.1,22.0,10.7,0.0
1400000US53063010305,356500.0,1094.0,5.8,53.0,17.5,0.0
1400000US53063010401,193000.0,1027.0,51.4,16.9,0.0,0.0
1400000US53063010403,298200.0,960.0,10.1,37.8,11.6,0.0
1400000US53063010404,312300.0,724.0,10.7,29.7,23.0,0.0
1400000US53063010504,287000.0,1211.0,6.9,31.0,12.2,3.0
1400000US53063010505,306400.0,1509.0,19.0,51.0,1.0,0.0
1400000US53063010506,346400.0,1052.0,48.9,56.6,15.4,0.0
1400000US53063010507,351500.0,1569.0,40.4,51.3,11.2,2.8
1400000US53063010508,520000.0,1164.0,19.6,37.1,48.3,4.4
1400000US53063010601,294700.0,1254.0,16.2,37.4,10.6,0.0
1400000US53063010603,341600.0,960.0,25.1,48.8,16.2,0.0
1400000US53063010604,331300.0,1595.0,11.6,47.4,14.5,0.0
1400000US53063010701,375100.0,,6.5,48.0,24.0,1.2
1400000US53063010702,375400.0,2071.0,17.3,46.4,27.0,1.1
1400000US53063010800,249700.0,861.0,60.5,18.8,0.5,1.3
1400000US53063010901,256400.0,1250.0,8.2,27.5,1.2,0.0
1400000US53063010902,348900.0,1663.0,20.4,46.2,20.0,0.0
1400000US53063011000,225600.0,1145.0,32.2,12.7,1.3,0.7
1400000US53063011102,246700.0,1001.0,71.0,24.5,1.2,0.0
1400000US53063011103,200000.0,820.0,76.7,19.8,5.7,0.0
1400000US53063011104,152700.0,1056.0,73.1,0.0,0.0,0.0
1400000US53063011202,268000.0,1148.0,10.2,27.4,11.7,0.9
1400000US53063011203,216800.0,1035.0,76.2,13.0,0.0,0.0
1400000US53063011204,215500.0,1153.0,36.8,28.9,0.0,0.0
1400000US53063011301,315800.0,1099.0,17.1,44.0,10.8,0.0
1400000US53063011302,360400.0,1105.0,41.6,57.0,8.9,2.7
1400000US53063011400,255100.0,1111.0,21.0,17.8,5.5,8.6
1400000US53063011500,192900.0,1099.0,18.1,15.3,2.3,1.5
1400000US53063011600,226600.0,900.0,33.1,19.8,2.5,2.3
1400000US53063011701,203200.0,738.0,40.4,7.6,3.2,0.0
1400000US53063011702,255500.0,1018.0,78.8,19.8,3.8,0.1
1400000US53063011800,232900.0,1026.0,82.5,12.0,3.1,0.0
1400000US53063011900,230700.0,1109.0,71.5,16.1,2.6,0.0
1400000US53063012000,220500.0,832.0,42.2,20.1,0.0,0.0
1400000US53063012100,183800.0,1111.0,35.5,9.0,0.0,0.0
1400000US53063012200,169400.0,943.0,25.8,12.3,1.5,0.0
1400000US53063012300,170000.0,995.0,42.2,19.3,1.1,0.0
1400000US53063012401,366300.0,3000.0,14.4,58.2,13.3,2.2
1400000US53063012402,393900.0,1311.0,16.0,62.3,19.3,0.6
1400000US53063012500,215900.0,979.0,58.4,8.9,2.0,0.0
1400000US53063012600,235200.0,840.0,28.1,18.5,0.6,0.0
1400000US53063012701,250100.0,1082.0,46.9,13.9,2.0,0.0
1400000US53063012702,247500.0,1205.0,10.6,29.5,2.4,0.0
1400000US53063012801,273700.0,786.0,31.5,32.6,2.4,1.0
1400000US53063012802,276400.0,1253.0,25.7,37.0,0.0,0.0
1400000US53063012901,223800.0,1375.0,34.9,16.2,3.5,0.0
1400000US53063012902,257900.0,1219.0,21.9,28.4,5.4,0.0
1400000US53063013001,338300.0,,9.5,50.8,16.5,0.0
1400000US53063013002,189000.0,1116.0,68.0,23.8,0.0,0.0
1400000US53063013003,467100.0,985.0,34.0,51.0,38.0,2.2
1400000US53063013101,306800.0,1415.0,37.8,48.2,4.6,0.0
1400000US53063013102,276000.0,1123.0,17.7,24.2,19.9,0.0
1400000US53063013201,261100.0,1429.0,7.9,24.7,8.5,2.8
1400000US53063013203,334900.0,1513.0,31.6,46.0,16.0,0.0
1400000US53063013204,377300.0,943.0,29.9,43.7,23.8,7.5
1400000US53063013205,462800.0,1481.0,28.6,35.7,38.8,1.8
1400000US53063013300,490700.0,1116.0,9.0,31.1,43.2,4.9
1400000US53063013401,423900.0,2047.0,8.6,55.2,21.5,5.8
1400000US53063013501,333000.0,,6.3,29.6,18.0,9.4
1400000US53063013502,552000.0,1597.0,10.0,24.0,47.0,9.3
1400000US53063013503,407800.0,,3.2,49.1,25.6,0.6
1400000US53063013600,278200.0,1261.0,35.1,33.7,7.6,0.8
1400000US53063013700,267100.0,1161.0,57.3,22.5,15.2,3.5
1400000US53063013800,,1455.0,99.3,0.0,100.0,0.0
1400000US53063013900,254100.0,675.0,22.1,24.0,5.5,0.0
1400000US53063014001,253000.0,863.0,73.2,29.4,0.0,1.0
1400000US53063014002,230100.0,1009.0,62.5,10.9,8.9,0.0
1400000US53063014100,297700.0,792.0,9.6,39.5,9.0,0.7
1400000US53063014200,353500.0,1215.0,16.9,32.2,22.2,1.0
1400000US53063014300,206700.0,766.0,22.0,18.4,6.2,0.0
1400000US53063014400,175800.0,1125.0,24.6,3.7,2.3,0.0
1400000US53063014500,170400.0,762.0,66.6,4.9,3.9,1.6
